#"Step","Potential Energy (kJ/mole)","Total Energy (kJ/mole)","Temperature (K)","Speed (ns/day)"
10000,-68684.03193573403,-56058.55953555723,299.9793162971559,0
20000,-68587.88944139954,-55889.05511904339,301.7223844818599,937
