#"Time (ps)","Potential Energy (kJ/mole)","Total Energy (kJ/mole)","Temperature (K)"
19.999999999999794,-725.0313720703125,-227.20913701457903,279.7862271158252
40.00000000000292,-683.2724609375,-73.64135339856148,342.6250888365118
60.00000000002736,-671.607666015625,-146.91106033325195,294.8901703193626
79.99999999999496,-676.1857299804688,-150.12274949997663,295.65810076254394
99.99999999994834,-628.8848876953125,-126.55194598808885,282.3213360498514
