#"Step","Potential Energy (kJ/mole)","Total Energy (kJ/mole)","Temperature (K)","Speed (ns/day)"
10000,-38538.70498464591,-31191.590811964677,303.5571021354043,0
20000,-38280.430078755686,-31070.881801900076,297.8733596879601,1.24e+03
